Price,Close,High,Low,Open,Volume
Ticker,BTC-USD,BTC-USD,BTC-USD,BTC-USD,BTC-USD
Datetime,,,,,
2025-12-23 01:00:00+00:00,88483.4453125,88810.0859375,88432.75,88729.734375,0
2025-12-23 02:00:00+00:00,88155.4609375,88695.546875,88124.5703125,88471.015625,0
2025-12-23 03:00:00+00:00,88181.9140625,88280.78125,87883.34375,88151.4921875,482131968
2025-12-23 04:00:00+00:00,87902.828125,88304.8671875,87902.828125,88131.7890625,0
2025-12-23 05:00:00+00:00,87739.828125,87960.296875,87595.2734375,87909.8125,711389184
2025-12-23 06:00:00+00:00,87352.9609375,87710.90625,87061.8203125,87625.6015625,880627712
2025-12-23 07:00:00+00:00,87509.3359375,87616.640625,87348.03125,87348.03125,5864038400
2025-12-23 08:00:00+00:00,87392.890625,87609.125,87390.453125,87506.2421875,1763012608
2025-12-23 09:00:00+00:00,87485.78125,87547.40625,87268.7265625,87407.1953125,0
2025-12-23 10:00:00+00:00,87553.3515625,87598.6484375,87469.125,87473.9375,0
2025-12-23 11:00:00+00:00,87819.015625,87819.015625,87512.78125,87555.0859375,0
2025-12-23 12:00:00+00:00,87774.171875,87862.21875,87612.5,87809.015625,0
2025-12-23 13:00:00+00:00,87605.765625,87814.265625,87434.71875,87759.8515625,0
2025-12-23 14:00:00+00:00,86656.34375,87737.3203125,86656.34375,87562.90625,0
2025-12-23 15:00:00+00:00,87426.453125,87438.9140625,86760.140625,86822.3828125,0
2025-12-23 16:00:00+00:00,87986.765625,88077.9140625,87376.0859375,87417.984375,767049728
2025-12-23 17:00:00+00:00,87378.0,88117.2109375,87372.65625,87966.71875,6168576
2025-12-23 18:00:00+00:00,87947.7109375,88072.5703125,87151.1953125,87151.1953125,1074348032
2025-12-23 19:00:00+00:00,87697.2734375,87986.5,87628.7421875,87933.8125,0
2025-12-23 20:00:00+00:00,87651.453125,88271.2109375,87518.4140625,87709.71875,0
2025-12-23 21:00:00+00:00,87672.484375,87794.1953125,87512.0234375,87657.46875,174862336
2025-12-23 22:00:00+00:00,87343.171875,87708.8828125,87293.6953125,87669.0078125,322273280
2025-12-23 23:00:00+00:00,87404.21875,87454.9140625,87174.4921875,87358.0859375,281632768
2025-12-24 00:00:00+00:00,87584.7890625,87593.640625,87239.0625,87431.0859375,0
2025-12-24 01:00:00+00:00,87600.0,87750.0546875,87463.390625,87603.9921875,74338304
2025-12-24 02:00:00+00:00,87113.875,87595.78125,86912.3359375,87595.78125,0
2025-12-24 03:00:00+00:00,87287.046875,87337.1171875,86873.8515625,87085.3671875,0
2025-12-24 04:00:00+00:00,87079.703125,87401.4453125,87077.109375,87286.5234375,0
2025-12-24 05:00:00+00:00,86905.234375,87199.2578125,86755.796875,87079.421875,0
2025-12-24 06:00:00+00:00,86941.0078125,86986.0546875,86794.1796875,86901.734375,0
2025-12-24 07:00:00+00:00,86921.6328125,87104.390625,86921.6328125,86952.203125,0
2025-12-24 08:00:00+00:00,86749.8125,86998.0859375,86749.8125,86877.7890625,0
2025-12-24 09:00:00+00:00,86757.4375,86823.796875,86691.9375,86733.1953125,0
2025-12-24 10:00:00+00:00,87036.765625,87107.46875,86748.75,86753.1640625,178896896
2025-12-24 11:00:00+00:00,87156.0859375,87280.8046875,87026.7734375,87026.7734375,0
2025-12-24 12:00:00+00:00,87391.71875,87420.4609375,87098.6171875,87158.4140625,0
2025-12-24 13:00:00+00:00,87244.0390625,87389.453125,87025.7421875,87383.5625,0
2025-12-24 14:00:00+00:00,86882.3984375,87377.28125,86411.796875,87248.9296875,0
2025-12-24 15:00:00+00:00,86914.6015625,87104.203125,86587.953125,87071.8515625,0
2025-12-24 16:00:00+00:00,87168.1484375,87572.890625,86904.109375,86941.2890625,0
2025-12-24 17:00:00+00:00,87216.53125,87475.90625,87196.7578125,87247.875,0
2025-12-24 18:00:00+00:00,87412.6171875,87435.09375,87203.0390625,87256.9921875,0
2025-12-24 19:00:00+00:00,87495.484375,87507.859375,87307.3046875,87406.7890625,0
2025-12-24 20:00:00+00:00,87494.3671875,87591.8984375,87489.7734375,87507.8203125,0
2025-12-24 21:00:00+00:00,87607.796875,87711.4921875,87532.1640625,87532.1640625,0
2025-12-24 22:00:00+00:00,87941.3515625,87947.0546875,87629.796875,87629.796875,0
2025-12-24 23:00:00+00:00,87615.5703125,87936.734375,87551.7109375,87936.734375,0
2025-12-25 00:00:00+00:00,87490.3671875,87664.0625,87488.328125,87608.0546875,0
2025-12-25 01:00:00+00:00,87631.765625,87685.4453125,87498.1875,87498.1875,0
2025-12-25 02:00:00+00:00,87843.265625,87870.1171875,87529.2109375,87636.96875,0
2025-12-25 03:00:00+00:00,87792.0546875,87848.265625,87728.640625,87827.7734375,0
2025-12-25 04:00:00+00:00,87744.0078125,87789.609375,87699.0234375,87788.71875,0
2025-12-25 05:00:00+00:00,87702.3671875,87742.5234375,87613.1875,87742.5234375,0
2025-12-25 06:00:00+00:00,87773.6796875,87773.6796875,87645.6796875,87703.8515625,0
2025-12-25 07:00:00+00:00,87786.6875,87795.21875,87707.5078125,87774.5703125,0
2025-12-25 08:00:00+00:00,87508.9765625,87808.9375,87339.2734375,87782.921875,242833408
2025-12-25 09:00:00+00:00,87465.7109375,87525.859375,87392.3671875,87525.859375,17125376
2025-12-25 10:00:00+00:00,87361.8828125,87459.4375,87238.015625,87459.4375,0
2025-12-25 11:00:00+00:00,87458.4921875,87517.3046875,87370.640625,87370.640625,0
2025-12-25 12:00:00+00:00,87521.0859375,87533.203125,87441.921875,87476.3203125,0
2025-12-25 13:00:00+00:00,87601.421875,87607.109375,87373.84375,87516.6328125,0
2025-12-25 14:00:00+00:00,87672.6953125,87685.4765625,87517.5,87581.0234375,0
2025-12-25 15:00:00+00:00,88274.7890625,88462.0703125,87667.3671875,87667.3671875,0
2025-12-25 16:00:00+00:00,88053.796875,88389.234375,87948.015625,88259.4140625,0
2025-12-25 17:00:00+00:00,88114.0546875,88126.40625,87963.8515625,88042.1328125,0
2025-12-25 18:00:00+00:00,88185.5703125,88253.4921875,88103.953125,88103.953125,0
2025-12-25 19:00:00+00:00,88094.2265625,88186.1953125,88024.7734375,88182.546875,0
2025-12-25 20:00:00+00:00,87821.90625,88103.3125,87687.015625,88096.2109375,218568704
2025-12-25 21:00:00+00:00,87851.859375,87921.65625,87775.4453125,87838.140625,27912192
2025-12-25 22:00:00+00:00,87625.0625,87867.7421875,87351.3046875,87845.4765625,177784832
2025-12-25 23:00:00+00:00,87204.3671875,87690.484375,86971.5,87541.421875,1121579008
2025-12-26 00:00:00+00:00,87041.6640625,87263.5625,86917.9765625,87214.5,273956864
2025-12-26 01:00:00+00:00,87385.875,87411.6875,87063.359375,87063.359375,955342848
2025-12-26 02:00:00+00:00,89091.078125,89232.1484375,87379.9609375,87379.9609375,4295059456
2025-12-26 03:00:00+00:00,88742.3125,89158.734375,88639.0625,89099.0078125,2309169152
2025-12-26 04:00:00+00:00,88891.71875,89020.203125,88455.6328125,88688.6484375,1110192128
2025-12-26 05:00:00+00:00,88942.3828125,88942.3828125,88769.390625,88893.8046875,186279936
2025-12-26 06:00:00+00:00,89133.1015625,89163.2578125,88924.1953125,88924.1953125,926695424
2025-12-26 07:00:00+00:00,88372.125,89439.1171875,88372.125,89072.8828125,2443640832
2025-12-26 08:00:00+00:00,88666.6328125,88741.3828125,88394.3984375,88394.3984375,710477824
2025-12-26 09:00:00+00:00,88769.6171875,88828.0625,88615.0625,88677.171875,309696512
2025-12-26 10:00:00+00:00,88716.546875,88807.9609375,88635.9375,88750.15625,22343680
2025-12-26 11:00:00+00:00,88512.640625,88707.4609375,88498.59375,88707.4609375,112492544
2025-12-26 12:00:00+00:00,88626.3984375,88682.6484375,88493.953125,88493.953125,339990528
2025-12-26 13:00:00+00:00,88983.1640625,88983.1640625,88597.7109375,88618.734375,166897664
2025-12-26 14:00:00+00:00,87382.0,88975.640625,87360.75,88873.515625,2166237184
2025-12-26 15:00:00+00:00,86991.421875,87368.0703125,86645.6328125,87368.0703125,4316983296
2025-12-26 16:00:00+00:00,86831.4453125,87286.53125,86831.4453125,87063.71875,913866752
2025-12-26 17:00:00+00:00,87238.2734375,87359.15625,86785.90625,86785.90625,755982336
2025-12-26 18:00:00+00:00,87189.5859375,87282.5390625,87064.8125,87235.6484375,519565312
2025-12-26 19:00:00+00:00,87414.7265625,87481.71875,87171.859375,87196.3671875,670957568
2025-12-26 20:00:00+00:00,87553.0390625,87698.7109375,87349.5234375,87447.5078125,187916288
2025-12-26 21:00:00+00:00,87422.9765625,87623.390625,87422.9765625,87524.1484375,301699072
2025-12-26 22:00:00+00:00,87418.5,87505.3828125,87284.5703125,87407.5546875,0
2025-12-26 23:00:00+00:00,87303.9375,87468.765625,87278.109375,87468.765625,0
2025-12-27 00:00:00+00:00,87338.203125,87340.015625,87196.078125,87316.0078125,0
2025-12-27 01:00:00+00:00,87404.7734375,87409.8984375,87292.984375,87335.859375,0
2025-12-27 02:00:00+00:00,87386.515625,87409.953125,87346.875,87408.015625,0
2025-12-27 03:00:00+00:00,87448.96875,87463.1796875,87332.03125,87389.859375,0
2025-12-27 04:00:00+00:00,87405.90625,87447.90625,87398.3046875,87447.90625,0
2025-12-27 05:00:00+00:00,87451.359375,87451.359375,87387.8125,87412.8203125,0
2025-12-27 06:00:00+00:00,87407.640625,87493.5625,87369.2734375,87448.6328125,0
2025-12-27 07:00:00+00:00,87478.546875,87642.4921875,87416.09375,87425.0234375,0
2025-12-27 08:00:00+00:00,87530.71875,87606.2109375,87488.0703125,87488.0703125,0
2025-12-27 09:00:00+00:00,87565.796875,87604.3671875,87497.1484375,87519.296875,0
2025-12-27 10:00:00+00:00,87456.3046875,87565.4765625,87367.0859375,87560.59375,0
2025-12-27 11:00:00+00:00,87416.84375,87485.0078125,87407.4296875,87449.3203125,0
2025-12-27 12:00:00+00:00,87426.546875,87468.3828125,87400.4375,87451.8359375,0
2025-12-27 13:00:00+00:00,87424.0546875,87434.828125,87294.828125,87425.359375,0
2025-12-27 14:00:00+00:00,87485.0625,87486.171875,87363.5859375,87405.484375,0
2025-12-27 15:00:00+00:00,87516.34375,87545.8046875,87447.3984375,87475.1015625,0
2025-12-27 16:00:00+00:00,87449.171875,87525.015625,87400.0,87492.6640625,0
2025-12-27 17:00:00+00:00,87501.921875,87513.7578125,87446.4375,87451.09375,0
2025-12-27 18:00:00+00:00,87433.75,87504.515625,87409.7109375,87502.015625,0
2025-12-27 19:00:00+00:00,87512.390625,87513.8203125,87438.296875,87438.8515625,0
2025-12-27 20:00:00+00:00,87495.9375,87557.1328125,87479.7890625,87523.9375,0
2025-12-27 21:00:00+00:00,87605.6640625,87609.6875,87495.3515625,87498.109375,0
2025-12-27 22:00:00+00:00,87587.4609375,87830.609375,87480.53125,87605.15625,186419200
2025-12-27 23:00:00+00:00,87805.5625,87863.984375,87509.40625,87509.40625,177369088
2025-12-28 00:00:00+00:00,87781.640625,87857.3125,87657.78125,87806.0546875,15262720
2025-12-28 01:00:00+00:00,87717.453125,87866.5859375,87692.8359375,87786.984375,111571968
2025-12-28 02:00:00+00:00,87748.28125,87805.1015625,87690.1328125,87723.5,0
2025-12-28 03:00:00+00:00,87688.1015625,87762.9140625,87669.8828125,87743.90625,0
2025-12-28 04:00:00+00:00,87661.0078125,87743.640625,87635.578125,87684.0703125,28371968
2025-12-28 05:00:00+00:00,87589.0390625,87655.5546875,87555.765625,87655.5546875,41666560
2025-12-28 06:00:00+00:00,87681.515625,87720.3125,87577.40625,87588.984375,0
2025-12-28 07:00:00+00:00,87665.2734375,87670.8125,87597.859375,87666.84375,0
2025-12-28 08:00:00+00:00,87760.6171875,87881.53125,87657.328125,87657.328125,51259392
2025-12-28 09:00:00+00:00,87730.890625,87832.34375,87690.953125,87733.6015625,0
2025-12-28 10:00:00+00:00,87787.6796875,87881.890625,87733.5234375,87737.75,218498048
2025-12-28 11:00:00+00:00,87789.5546875,87862.765625,87743.9921875,87788.359375,21225472
2025-12-28 12:00:00+00:00,87786.7890625,87813.84375,87749.59375,87813.84375,45235200
2025-12-28 13:00:00+00:00,87833.6640625,87864.09375,87752.4765625,87772.8203125,84672512
2025-12-28 14:00:00+00:00,87865.4140625,87951.984375,87826.2734375,87826.2734375,0
2025-12-28 15:00:00+00:00,87780.0625,87935.75,87780.0625,87848.40625,510532608
2025-12-28 16:00:00+00:00,87750.1171875,87833.5078125,87719.40625,87779.65625,142030848
2025-12-28 17:00:00+00:00,87693.71875,87857.578125,87686.4609375,87749.4453125,0
2025-12-28 18:00:00+00:00,87537.0703125,87695.40625,87482.78125,87693.3828125,526517248
2025-12-28 19:00:00+00:00,87485.578125,87607.9765625,87444.390625,87538.5546875,409132032
2025-12-28 20:00:00+00:00,87477.890625,87579.25,87396.0390625,87476.078125,130200576
2025-12-28 21:00:00+00:00,87500.2265625,87527.0390625,87402.84375,87459.7578125,181508096
2025-12-28 22:00:00+00:00,87843.0078125,87898.421875,87445.984375,87503.65625,0
2025-12-28 23:00:00+00:00,87830.1171875,87844.625,87604.8515625,87831.65625,206987264
2025-12-29 00:00:00+00:00,88226.78125,88234.0,87756.3671875,87858.109375,870933504
2025-12-29 01:00:00+00:00,88314.171875,88380.2578125,87833.65625,88226.6875,947730432
2025-12-29 02:00:00+00:00,89102.625,89236.6171875,88353.5078125,88353.5078125,3253251072
2025-12-29 03:00:00+00:00,90032.4140625,90032.4140625,89026.6328125,89086.8125,3074658304
2025-12-29 04:00:00+00:00,90100.4140625,90269.015625,89903.0703125,90012.6328125,2378932224
2025-12-29 05:00:00+00:00,89927.6875,90194.328125,89873.2578125,90070.7578125,1425721344
2025-12-29 06:00:00+00:00,89672.9609375,90028.6171875,89666.796875,89908.9921875,1104549888
2025-12-29 07:00:00+00:00,89518.6171875,89708.859375,89415.9765625,89672.7109375,1356230656
2025-12-29 08:00:00+00:00,89451.8984375,89694.109375,89399.90625,89505.28125,1522210816
2025-12-29 09:00:00+00:00,87940.6015625,89489.328125,87795.0078125,89438.515625,3895531520
2025-12-29 10:00:00+00:00,87678.9453125,88137.9609375,87602.5078125,87981.0859375,814858240
2025-12-29 11:00:00+00:00,87508.1796875,87686.4296875,87485.3203125,87620.4375,887361536
2025-12-29 12:00:00+00:00,87242.8046875,87508.265625,86760.265625,87485.1015625,3058946048
2025-12-29 13:00:00+00:00,87222.25,87416.3515625,87125.609375,87252.3203125,0
2025-12-29 14:00:00+00:00,87322.015625,88007.96875,87176.984375,87255.890625,2892251136
2025-12-29 15:00:00+00:00,87636.625,87760.9296875,87196.8359375,87288.6015625,2911100928
2025-12-29 16:00:00+00:00,87538.171875,87691.0234375,87364.8984375,87600.4453125,274800640
2025-12-29 17:00:00+00:00,87697.2265625,87697.2265625,87327.8984375,87529.6015625,894156800
2025-12-29 18:00:00+00:00,87357.53125,87870.671875,87307.2421875,87734.7890625,679157760
2025-12-29 19:00:00+00:00,87238.1015625,87547.25,87238.1015625,87336.90625,601432064
2025-12-29 20:00:00+00:00,87121.6796875,87482.46875,86975.015625,87246.40625,482496512
2025-12-29 21:00:00+00:00,87224.9609375,87246.6953125,87129.8515625,87157.78125,582574080
2025-12-29 22:00:00+00:00,87260.8046875,87286.21875,86983.703125,87227.59375,188563456
2025-12-29 23:00:00+00:00,87145.21875,87291.375,87079.765625,87237.921875,0
2025-12-30 00:00:00+00:00,87129.7890625,87233.5234375,87010.6171875,87142.078125,0
2025-12-30 01:00:00+00:00,87191.5703125,87228.65625,87033.828125,87139.046875,0
2025-12-30 02:00:00+00:00,86975.734375,87230.3828125,86907.703125,87206.671875,0
2025-12-30 03:00:00+00:00,87285.1484375,87305.9375,86737.0703125,86987.84375,0
2025-12-30 04:00:00+00:00,87199.7421875,87374.3671875,87196.625,87263.125,0
2025-12-30 05:00:00+00:00,87129.546875,87250.3671875,87052.0546875,87199.890625,0
2025-12-30 06:00:00+00:00,87317.140625,87396.1328125,87121.984375,87132.8359375,0
2025-12-30 07:00:00+00:00,87378.296875,87472.65625,87278.7578125,87326.1796875,0
2025-12-30 08:00:00+00:00,87771.765625,88039.8984375,87377.125,87377.125,239476736
2025-12-30 09:00:00+00:00,87881.125,87881.125,87550.1875,87760.78125,0
2025-12-30 10:00:00+00:00,87844.3203125,88056.640625,87816.4375,87878.875,0
2025-12-30 11:00:00+00:00,87751.421875,87912.9140625,87665.15625,87843.2734375,0
2025-12-30 12:00:00+00:00,87888.2265625,87970.3515625,87822.1953125,87845.296875,0
2025-12-30 13:00:00+00:00,88002.9453125,88012.078125,87813.5078125,87913.5703125,0
2025-12-30 14:00:00+00:00,88834.1796875,88890.40625,87749.84375,88003.203125,558620672
2025-12-30 15:00:00+00:00,88947.28125,88973.1015625,88153.78125,88811.78125,1242370048
2025-12-30 16:00:00+00:00,88672.234375,89291.796875,88527.8359375,88916.6796875,2170177536
2025-12-30 17:00:00+00:00,88334.1015625,88799.6328125,88135.7890625,88678.78125,585842688
2025-12-30 18:00:00+00:00,88238.75,88378.7421875,88086.2578125,88302.4765625,65056768
2025-12-30 19:00:00+00:00,88153.5390625,88329.6484375,87927.6328125,88240.765625,111890432
2025-12-30 20:00:00+00:00,87831.0859375,88142.3359375,87814.0234375,88142.3359375,0
2025-12-30 21:00:00+00:00,88172.453125,88224.8828125,87821.828125,87821.828125,0
2025-12-30 22:00:00+00:00,88325.125,88367.234375,88182.109375,88182.109375,0
2025-12-30 23:00:00+00:00,88423.140625,88477.875,88318.5859375,88329.578125,266125312
2025-12-31 00:00:00+00:00,88161.0546875,88407.7265625,88161.0546875,88407.7265625,0
2025-12-31 01:00:00+00:00,88552.8984375,88645.015625,88085.4921875,88148.671875,386588672
2025-12-31 02:00:00+00:00,88585.5859375,88629.28125,88437.21875,88501.4921875,0
2025-12-31 03:00:00+00:00,88338.7890625,88673.15625,88289.765625,88575.71875,0
2025-12-31 04:00:00+00:00,88229.0546875,88440.0234375,88229.0546875,88342.203125,0
2025-12-31 05:00:00+00:00,88354.6484375,88413.234375,88239.765625,88239.765625,517029888
2025-12-31 06:00:00+00:00,88396.65625,88457.7578125,88349.3515625,88352.7578125,0
2025-12-31 07:00:00+00:00,88496.046875,88517.1484375,88342.2109375,88401.96875,2150400
2025-12-31 08:00:00+00:00,88321.921875,88604.8359375,88302.9921875,88492.7265625,0
2025-12-31 09:00:00+00:00,88585.390625,88587.1953125,88324.9453125,88324.9453125,45109248
2025-12-31 10:00:00+00:00,88697.6796875,88699.6171875,88553.96875,88553.96875,0
2025-12-31 11:00:00+00:00,88863.515625,88894.6484375,88703.1484375,88732.7578125,248856576
2025-12-31 12:00:00+00:00,88668.21875,88910.5,88658.2421875,88910.5,297261056
2025-12-31 13:00:00+00:00,88856.4609375,88921.734375,88642.578125,88680.65625,72802304
2025-12-31 14:00:00+00:00,88323.921875,89019.9375,88218.484375,88872.7109375,11276288
2025-12-31 15:00:00+00:00,87911.6328125,88371.0,87728.4140625,88371.0,0
2025-12-31 16:00:00+00:00,87558.6171875,87903.6875,87334.125,87845.2421875,0
2025-12-31 17:00:00+00:00,87490.890625,87561.078125,87385.9609375,87539.96875,0
2025-12-31 18:00:00+00:00,87575.078125,87838.8203125,87458.5078125,87502.9296875,0
2025-12-31 19:00:00+00:00,87455.484375,87712.1328125,87420.515625,87561.8515625,296370176
2025-12-31 20:00:00+00:00,87534.90625,87534.90625,87141.0078125,87419.890625,7612416
2025-12-31 21:00:00+00:00,87637.1953125,87692.2890625,87531.6328125,87531.6328125,1113237504
2025-12-31 22:00:00+00:00,87561.1953125,87738.6171875,87561.1953125,87652.2734375,46741504
2025-12-31 23:00:00+00:00,87501.953125,87587.4140625,87501.953125,87585.8203125,0
2026-01-01 00:00:00+00:00,87675.9296875,87679.9375,87512.875,87512.875,0
2026-01-01 01:00:00+00:00,87817.6171875,87890.0234375,87665.65625,87665.65625,0
2026-01-01 02:00:00+00:00,87776.4921875,87922.5234375,87751.6171875,87812.1875,0
2026-01-01 03:00:00+00:00,87710.953125,87857.46875,87700.390625,87748.3203125,0
2026-01-01 04:00:00+00:00,87441.4609375,87698.5078125,87413.7578125,87698.5078125,441933824
2026-01-01 05:00:00+00:00,87558.3359375,87577.171875,87452.7890625,87452.7890625,0
2026-01-01 06:00:00+00:00,87506.2578125,87555.4453125,87486.953125,87555.4453125,0
2026-01-01 07:00:00+00:00,87479.6875,87528.1171875,87468.5625,87504.0,0
2026-01-01 08:00:00+00:00,87598.375,87633.3515625,87486.9296875,87486.9296875,0
2026-01-01 09:00:00+00:00,87724.84375,87789.7890625,87618.5234375,87623.3046875,0
2026-01-01 10:00:00+00:00,87716.8125,87738.1875,87659.03125,87732.3203125,0
2026-01-01 11:00:00+00:00,87875.796875,87875.796875,87716.4140625,87716.4140625,0
2026-01-01 12:00:00+00:00,87838.296875,87889.703125,87806.5234375,87878.8671875,0
2026-01-01 13:00:00+00:00,87786.3515625,87884.8515625,87759.8359375,87829.3203125,0
2026-01-01 14:00:00+00:00,87840.1640625,87849.6015625,87713.8515625,87793.8515625,0
2026-01-01 15:00:00+00:00,87922.0625,87941.4140625,87814.3984375,87848.578125,0
2026-01-01 16:00:00+00:00,87863.2734375,87920.5625,87762.65625,87920.5625,0
2026-01-01 17:00:00+00:00,88187.8203125,88358.0390625,87856.0234375,87868.3359375,0
2026-01-01 18:00:00+00:00,88055.2578125,88239.390625,87984.6015625,88239.390625,0
2026-01-01 19:00:00+00:00,88222.2578125,88297.9296875,87970.1875,88062.9765625,0
2026-01-01 20:00:00+00:00,88146.328125,88244.1015625,88133.1328125,88239.71875,0
2026-01-01 21:00:00+00:00,88270.203125,88280.140625,88142.515625,88147.5546875,0
2026-01-01 22:00:00+00:00,88562.9765625,88565.015625,88271.7734375,88271.7734375,242911232
2026-01-01 23:00:00+00:00,88722.0703125,88791.9765625,88378.5078125,88530.3203125,388841472
2026-01-02 00:00:00+00:00,88675.3984375,88754.3984375,88498.2890625,88725.46875,507719680
2026-01-02 01:00:00+00:00,88534.2890625,88739.828125,88433.0234375,88710.0625,0
2026-01-02 02:00:00+00:00,88498.0546875,88550.125,88298.6171875,88535.265625,186787840
2026-01-02 03:00:00+00:00,88778.703125,88985.9609375,88471.65625,88519.609375,978737152
2026-01-02 04:00:00+00:00,88530.375,88862.59375,88530.375,88832.3828125,0
2026-01-02 05:00:00+00:00,88652.2890625,88670.9765625,88477.3984375,88529.6484375,0
2026-01-02 06:00:00+00:00,88838.5703125,88956.0703125,88626.7421875,88636.3359375,574554112
2026-01-02 07:00:00+00:00,88773.3203125,88934.4296875,88748.6640625,88830.1875,424103936
2026-01-02 08:00:00+00:00,89049.5703125,89049.5703125,88711.90625,88754.0859375,516001792
2026-01-02 09:00:00+00:00,89344.4140625,89346.9765625,89024.6328125,89068.890625,1701500928
2026-01-02 10:00:00+00:00,89544.265625,89786.4921875,89356.6328125,89356.6328125,2306879488
2026-01-02 11:00:00+00:00,89428.8046875,89557.59375,89280.6015625,89557.59375,939407360
2026-01-02 12:00:00+00:00,89321.921875,89481.9453125,89293.984375,89412.015625,387647488
2026-01-02 13:00:00+00:00,89291.1015625,89557.453125,89291.1015625,89312.8671875,776005632
2026-01-02 14:00:00+00:00,89565.3359375,89990.46875,88506.0078125,89290.6796875,3307180032
2026-01-02 15:00:00+00:00,89319.90625,89762.53125,88834.8515625,89728.6640625,3514005504
2026-01-02 16:00:00+00:00,90346.578125,90740.125,89190.1171875,89318.4140625,4760252416
2026-01-02 17:00:00+00:00,90283.484375,90865.4453125,90239.125,90338.5234375,2257563648
2026-01-02 18:00:00+00:00,89776.4609375,90510.9296875,89526.8203125,90320.3125,1836531712
2026-01-02 19:00:00+00:00,89878.859375,90054.0,89683.1171875,89739.390625,1196072960
2026-01-02 20:00:00+00:00,89695.359375,90025.4140625,89599.8515625,89869.515625,1267941376
2026-01-02 21:00:00+00:00,90046.5703125,90092.3203125,89724.6796875,89724.6796875,438116352
2026-01-02 22:00:00+00:00,90159.9921875,90347.03125,89990.53125,89990.53125,478527488
2026-01-02 23:00:00+00:00,89946.1171875,90168.9921875,89873.859375,90168.9921875,0
2026-01-03 00:00:00+00:00,90098.6640625,90153.2421875,89929.8984375,89948.5625,0
2026-01-03 01:00:00+00:00,90253.984375,90253.984375,90047.109375,90120.7890625,0
2026-01-03 02:00:00+00:00,90304.015625,90362.2578125,90095.8046875,90221.046875,33968128
2026-01-03 03:00:00+00:00,90293.8828125,90335.0625,90165.5859375,90295.59375,0
2026-01-03 04:00:00+00:00,90122.328125,90391.078125,90076.90625,90321.4921875,8540160
2026-01-03 05:00:00+00:00,90002.6171875,90168.8515625,89895.671875,90148.15625,50565120
2026-01-03 06:00:00+00:00,89853.4140625,90090.3359375,89826.4765625,89993.5625,0
2026-01-03 07:00:00+00:00,89553.9609375,89922.953125,89386.046875,89849.4296875,901804032
2026-01-03 08:00:00+00:00,89646.4609375,89790.5234375,89438.5,89515.1796875,38719488
2026-01-03 09:00:00+00:00,89810.0703125,89942.8671875,89613.03125,89636.7890625,0
2026-01-03 10:00:00+00:00,89766.546875,89842.8984375,89670.390625,89766.7109375,0
2026-01-03 11:00:00+00:00,89713.3671875,89737.3125,89643.015625,89719.78125,0
2026-01-03 12:00:00+00:00,89922.1875,89969.359375,89618.546875,89686.890625,0
2026-01-03 13:00:00+00:00,89956.140625,89984.7421875,89878.421875,89955.921875,0
2026-01-03 14:00:00+00:00,90062.0703125,90183.1015625,89941.8828125,89953.1875,0
2026-01-03 15:00:00+00:00,89927.828125,90090.2265625,89926.546875,90090.2265625,0
2026-01-03 16:00:00+00:00,90055.75,90147.7734375,89875.0,89917.1640625,0
2026-01-03 17:00:00+00:00,90044.3828125,90081.8203125,89979.828125,90057.7109375,0
2026-01-03 18:00:00+00:00,90090.171875,90139.1171875,89982.390625,90030.875,0
2026-01-03 19:00:00+00:00,90056.625,90095.0546875,90007.125,90091.8671875,0
2026-01-03 20:00:00+00:00,90301.4765625,90301.4765625,89979.421875,90065.5546875,0
2026-01-03 21:00:00+00:00,90486.7578125,90643.890625,90277.953125,90310.5,0
2026-01-03 22:00:00+00:00,90526.171875,90672.265625,90450.015625,90487.3125,0
2026-01-03 23:00:00+00:00,90600.7421875,90655.4609375,90441.15625,90548.421875,0
2026-01-04 00:00:00+00:00,91320.8984375,91390.7265625,90615.3671875,90615.3671875,2100066304
2026-01-04 01:00:00+00:00,91197.3046875,91386.375,90984.546875,91293.3515625,506750976
2026-01-04 02:00:00+00:00,91072.4375,91226.046875,91051.6953125,91196.6640625,17674240
2026-01-04 03:00:00+00:00,91205.828125,91300.4609375,91070.25,91088.59375,396124160
2026-01-04 04:00:00+00:00,91360.6796875,91519.984375,91196.921875,91217.7890625,30613504
2026-01-04 05:00:00+00:00,91432.5703125,91438.0,91317.9609375,91349.1484375,0
2026-01-04 06:00:00+00:00,91213.8046875,91685.1796875,91213.8046875,91434.1328125,101595136
2026-01-04 07:00:00+00:00,91474.9375,91474.9375,91206.6875,91206.6875,42860544
2026-01-04 08:00:00+00:00,91307.09375,91487.390625,91176.1171875,91487.390625,265007104
2026-01-04 09:00:00+00:00,91409.796875,91426.203125,91244.1015625,91327.6875,814034944
2026-01-04 10:00:00+00:00,91538.21875,91554.625,91387.0234375,91418.1171875,971368448
2026-01-04 11:00:00+00:00,91235.6796875,91533.859375,91205.5,91533.859375,414734336
2026-01-04 12:00:00+00:00,91098.34375,91300.234375,91078.1171875,91236.4609375,311578624
2026-01-04 13:00:00+00:00,91223.3515625,91223.3515625,91015.5078125,91080.828125,114096128
2026-01-04 14:00:00+00:00,91270.609375,91349.0859375,91103.0546875,91212.140625,5550080
2026-01-04 15:00:00+00:00,91270.453125,91320.7109375,91071.453125,91274.171875,203657216
2026-01-04 16:00:00+00:00,91285.140625,91391.921875,91219.4765625,91286.796875,283027456
2026-01-04 17:00:00+00:00,91297.8203125,91391.234375,91276.5,91282.5078125,180326400
2026-01-04 18:00:00+00:00,91161.8359375,91294.46875,90965.75,91294.46875,358440960
2026-01-04 19:00:00+00:00,91099.46875,91164.640625,90877.046875,91164.640625,530702336
2026-01-04 20:00:00+00:00,91252.453125,91298.765625,91084.6875,91100.7890625,122902528
2026-01-04 21:00:00+00:00,91220.7734375,91350.375,91147.78125,91259.6171875,0
2026-01-04 22:00:00+00:00,91140.7421875,91338.75,91108.8359375,91224.3984375,0
2026-01-04 23:00:00+00:00,91393.3203125,91463.3515625,91168.3984375,91168.3984375,158046208
2026-01-05 00:00:00+00:00,92355.8359375,92355.8359375,91498.046875,91498.046875,1700913152
2026-01-05 01:00:00+00:00,92916.90625,93177.6171875,92251.21875,92339.203125,3015315456
2026-01-05 02:00:00+00:00,92984.3203125,93101.40625,92737.0078125,92913.40625,1564921856
2026-01-05 03:00:00+00:00,92845.640625,93106.265625,92845.640625,92988.2578125,411762688
2026-01-05 04:00:00+00:00,92566.8125,92896.2265625,92344.34375,92841.5,398170112
2026-01-05 05:00:00+00:00,92351.9453125,92666.4609375,92330.484375,92551.1484375,553881600
2026-01-05 06:00:00+00:00,92433.3359375,92450.0078125,92141.8984375,92321.7578125,0
2026-01-05 07:00:00+00:00,92474.3359375,92574.1015625,92427.5390625,92427.5390625,14626816
2026-01-05 08:00:00+00:00,92475.5390625,92697.921875,92425.84375,92491.6640625,0
2026-01-05 09:00:00+00:00,92664.875,92750.609375,92298.984375,92421.6953125,0
2026-01-05 10:00:00+00:00,93036.1484375,93086.3828125,92625.9375,92673.4453125,25061376
2026-01-05 11:00:00+00:00,93051.1875,93083.4375,92841.0,92986.8203125,575928320
2026-01-05 12:00:00+00:00,92803.3203125,93109.25,92740.421875,93083.203125,160313344
2026-01-05 13:00:00+00:00,92666.9140625,92947.3046875,92493.21875,92802.7890625,597544960
2026-01-05 14:00:00+00:00,93393.625,93552.46875,92410.171875,92702.8984375,2340327424
2026-01-05 15:00:00+00:00,93883.9453125,93933.75,93172.3203125,93370.8828125,4002770944
2026-01-05 16:00:00+00:00,93715.7734375,93972.0859375,93585.0546875,93873.3671875,2509283328
2026-01-05 17:00:00+00:00,94264.9609375,94264.9609375,93283.2265625,93687.3203125,1925922816
2026-01-05 18:00:00+00:00,94458.9609375,94458.9609375,93919.9765625,94234.8125,2163507200
2026-01-05 19:00:00+00:00,94225.5859375,94480.921875,94135.46875,94334.6796875,1226817536
2026-01-05 20:00:00+00:00,94148.84375,94673.3984375,94066.71875,94219.390625,2656026624
2026-01-05 21:00:00+00:00,94091.6328125,94207.7421875,93880.28125,94146.8203125,1079730176
2026-01-05 22:00:00+00:00,94184.484375,94377.453125,94020.46875,94082.9375,489959424
2026-01-05 23:00:00+00:00,93901.1328125,94178.3359375,93884.0625,94178.3359375,269361152
2026-01-06 00:00:00+00:00,93801.8125,93948.578125,93551.6015625,93869.1328125,0
2026-01-06 01:00:00+00:00,93764.15625,94130.609375,93747.875,93823.234375,0
2026-01-06 02:00:00+00:00,93626.34375,93841.8203125,93542.1796875,93773.4609375,463204352
2026-01-06 03:00:00+00:00,93762.5859375,93894.046875,93595.4765625,93608.1640625,0
2026-01-06 04:00:00+00:00,93817.09375,93971.703125,93722.828125,93750.640625,0
2026-01-06 05:00:00+00:00,93558.046875,93792.171875,93548.765625,93792.171875,115195904
2026-01-06 06:00:00+00:00,93780.90625,93889.2109375,93577.3359375,93590.9453125,470167552
2026-01-06 07:00:00+00:00,93213.8984375,93739.625,93119.6328125,93739.625,654757888
2026-01-06 08:00:00+00:00,93207.3125,93370.5859375,93142.25,93206.53125,0
2026-01-06 09:00:00+00:00,93437.9609375,93494.8046875,93191.2734375,93191.2734375,0
2026-01-06 10:00:00+00:00,93537.8359375,93616.8515625,93385.6953125,93430.0546875,0
2026-01-06 11:00:00+00:00,93789.015625,93846.890625,93538.203125,93538.203125,0
2026-01-06 12:00:00+00:00,93853.609375,93910.921875,93765.3125,93825.0,0
2026-01-06 13:00:00+00:00,93671.75,93819.09375,93628.7265625,93782.4296875,0
2026-01-06 14:00:00+00:00,93750.140625,94391.71875,93543.09375,93686.390625,0
2026-01-06 15:00:00+00:00,93480.5390625,94204.0078125,93331.9453125,93789.6171875,1294888960
2026-01-06 16:00:00+00:00,92573.4921875,93674.859375,92325.59375,93658.0859375,1490718720
2026-01-06 17:00:00+00:00,91550.1796875,92697.109375,91550.1796875,92650.890625,1925910528
2026-01-06 18:00:00+00:00,91991.3671875,92130.9921875,91526.3203125,91526.3203125,1073266688
2026-01-06 19:00:00+00:00,92048.78125,92239.0234375,91890.90625,91975.234375,0
2026-01-06 20:00:00+00:00,92462.4140625,92594.9921875,92053.625,92053.625,0
2026-01-06 21:00:00+00:00,93236.828125,93759.796875,92342.046875,92438.0078125,2303221760
2026-01-06 22:00:00+00:00,93301.5703125,93363.625,92940.6796875,93230.1640625,481783808
2026-01-06 23:00:00+00:00,93731.6796875,93731.6796875,93272.953125,93272.953125,331366400
2026-01-07 00:00:00+00:00,92814.0703125,93637.75,92814.0703125,93623.96875,486268928
2026-01-07 01:00:00+00:00,92430.859375,92795.171875,92319.9609375,92637.4140625,1494544384
2026-01-07 02:00:00+00:00,92885.8515625,92947.5546875,92208.34375,92385.953125,761499648
2026-01-07 03:00:00+00:00,92743.2890625,93025.375,92717.21875,92900.75,218001408
2026-01-07 04:00:00+00:00,92625.1796875,92828.3046875,92563.15625,92730.953125,236961792
2026-01-07 05:00:00+00:00,92459.9140625,92774.8203125,92459.9140625,92583.1875,0
2026-01-07 06:00:00+00:00,92563.828125,92805.359375,92457.546875,92473.1796875,0
2026-01-07 07:00:00+00:00,92773.609375,92796.203125,92579.7890625,92579.7890625,0
2026-01-07 08:00:00+00:00,92647.359375,92864.1953125,92628.3125,92795.28125,71581696
2026-01-07 09:00:00+00:00,91648.0546875,92625.125,91557.2578125,92566.5703125,1742815232
2026-01-07 10:00:00+00:00,91868.5703125,91884.859375,91557.4453125,91569.234375,590028800
2026-01-07 11:00:00+00:00,92074.484375,92184.3046875,91880.8515625,91880.8515625,267243520
2026-01-07 12:00:00+00:00,91935.390625,92086.4140625,91915.078125,92064.4140625,0
2026-01-07 13:00:00+00:00,91990.6953125,92174.03125,91835.765625,91938.90625,49598464
2026-01-07 14:00:00+00:00,91896.5,92018.8671875,91408.2734375,91970.2421875,0
2026-01-07 15:00:00+00:00,91265.1015625,91827.125,91068.46875,91827.125,0
2026-01-07 16:00:00+00:00,91190.921875,91659.7578125,91116.3125,91313.859375,0
2026-01-07 17:00:00+00:00,91186.109375,91595.234375,91015.765625,91215.4765625,0
2026-01-07 18:00:00+00:00,90691.7578125,91344.2578125,90659.9765625,91192.46875,0
2026-01-07 19:00:00+00:00,91131.265625,91182.3984375,90658.6328125,90828.2734375,1650155520
2026-01-07 20:00:00+00:00,90948.8984375,91193.15625,90726.890625,91098.1484375,0
2026-01-07 21:00:00+00:00,91044.5390625,91128.6640625,90976.703125,91055.890625,0
2026-01-07 22:00:00+00:00,91106.28125,91221.546875,90828.2734375,91040.125,0
2026-01-07 23:00:00+00:00,91303.484375,91346.1171875,90945.4921875,91024.9765625,316055552
2026-01-08 00:00:00+00:00,91317.5859375,91386.5,91004.2578125,91280.703125,0
2026-01-08 01:00:00+00:00,91333.125,91450.6875,91240.0703125,91298.3046875,0
2026-01-08 02:00:00+00:00,90853.953125,91353.0625,90701.4921875,91334.3671875,0
2026-01-08 03:00:00+00:00,90704.7265625,91019.796875,90585.265625,90862.0546875,537935872
2026-01-08 04:00:00+00:00,90949.7421875,91027.7421875,90620.21875,90726.5625,0
2026-01-08 05:00:00+00:00,90698.7578125,91050.5234375,90684.6171875,90989.6796875,0
2026-01-08 06:00:00+00:00,89940.03125,90750.2109375,89940.03125,90702.1875,1764753408
2026-01-08 07:00:00+00:00,90434.546875,90437.515625,89578.3125,89831.8125,1826439168
2026-01-08 08:00:00+00:00,90082.125,90569.234375,90078.7734375,90428.6953125,1316593664
2026-01-08 09:00:00+00:00,89879.1328125,90254.109375,89871.5078125,90098.828125,0
2026-01-08 10:00:00+00:00,90293.734375,90347.8515625,89698.6328125,89892.578125,0
2026-01-08 11:00:00+00:00,90068.7265625,90357.25,89927.6875,90357.25,766349312
2026-01-08 12:00:00+00:00,89883.265625,90082.265625,89682.171875,90082.265625,457900032
2026-01-08 13:00:00+00:00,89851.09375,89972.59375,89781.6640625,89866.3203125,0
2026-01-08 14:00:00+00:00,89924.4453125,89972.921875,89291.1328125,89849.03125,27627520
2026-01-08 15:00:00+00:00,90649.90625,90649.90625,89765.6875,89932.625,0
2026-01-08 16:00:00+00:00,90718.8984375,90791.5546875,90232.7109375,90710.4921875,945803264
2026-01-08 17:00:00+00:00,91254.640625,91345.546875,90793.1875,90835.78125,267583488
2026-01-08 18:00:00+00:00,90985.6640625,91328.1484375,90903.234375,91293.2421875,0
2026-01-08 19:00:00+00:00,90819.8046875,91238.0,90765.9375,91038.6796875,0
2026-01-08 20:00:00+00:00,90841.203125,90872.421875,90482.4296875,90855.390625,56164352
2026-01-08 21:00:00+00:00,91222.1796875,91222.1796875,90836.7578125,90836.7578125,837226496
2026-01-08 22:00:00+00:00,91130.78125,91385.109375,90987.2890625,91200.4375,0
2026-01-08 23:00:00+00:00,91025.75,91254.7578125,90978.171875,91145.7421875,0
2026-01-09 00:00:00+00:00,91205.7734375,91211.65625,90984.6875,91019.5859375,0
2026-01-09 01:00:00+00:00,90976.4921875,91412.484375,90795.625,91193.8671875,152719360
2026-01-09 02:00:00+00:00,90932.5546875,91373.53125,90932.5546875,90972.578125,0
2026-01-09 03:00:00+00:00,91112.8046875,91160.609375,90893.7265625,90947.7265625,0
2026-01-09 04:00:00+00:00,90939.28125,91125.5546875,90842.0078125,91125.5546875,0
2026-01-09 05:00:00+00:00,90971.515625,91001.1328125,90826.6015625,90927.3046875,0
2026-01-09 06:00:00+00:00,91027.09375,91027.09375,90882.609375,90975.1328125,0
2026-01-09 07:00:00+00:00,90687.078125,91024.6640625,90687.078125,91024.6640625,0
2026-01-09 08:00:00+00:00,89845.1328125,90730.6484375,89628.5703125,90649.5,793100288
2026-01-09 09:00:00+00:00,90222.0234375,90304.2265625,89872.390625,89872.390625,0
2026-01-09 10:00:00+00:00,90404.4609375,90431.421875,90183.75,90228.046875,0
2026-01-09 11:00:00+00:00,90337.78125,90560.6640625,90314.0234375,90380.5390625,0
2026-01-09 12:00:00+00:00,90348.6640625,90463.0859375,90144.3515625,90345.2265625,0
2026-01-09 13:00:00+00:00,90550.796875,90682.0,90337.9375,90350.171875,619769856
2026-01-09 14:00:00+00:00,90056.421875,90492.671875,89896.546875,90480.234375,0
2026-01-09 15:00:00+00:00,90999.8203125,91864.40625,89794.6640625,90038.875,2035843072
2026-01-09 16:00:00+00:00,91527.2890625,91662.3515625,91028.7109375,91028.7109375,535068672
2026-01-09 17:00:00+00:00,91343.59375,91542.765625,90967.609375,91516.171875,0
2026-01-09 18:00:00+00:00,90781.109375,91396.7265625,90432.0703125,91343.5390625,0
2026-01-09 19:00:00+00:00,90267.0546875,90643.8828125,90150.90625,90631.2890625,889446400
2026-01-09 20:00:00+00:00,90185.78125,90447.5078125,90144.8046875,90144.8046875,0
2026-01-09 21:00:00+00:00,90421.0390625,90483.921875,90117.078125,90166.140625,0
2026-01-09 22:00:00+00:00,90502.359375,90542.6875,90259.3125,90413.21875,0
2026-01-09 23:00:00+00:00,90490.7734375,90595.9140625,90490.7734375,90513.7890625,0
2026-01-10 00:00:00+00:00,90477.046875,90560.8125,90417.703125,90509.2109375,0
2026-01-10 01:00:00+00:00,90567.203125,90601.7734375,90469.7421875,90471.671875,0
2026-01-10 02:00:00+00:00,90543.375,90655.21875,90479.7578125,90560.3515625,0
2026-01-10 03:00:00+00:00,90507.671875,90556.75,90430.21875,90556.75,0
2026-01-10 04:00:00+00:00,90326.484375,90514.7734375,90311.09375,90512.125,0
2026-01-10 05:00:00+00:00,90484.0546875,90493.0625,90314.5078125,90344.859375,0
2026-01-10 06:00:00+00:00,90383.640625,90477.8125,90352.6171875,90474.2734375,15286272
2026-01-10 07:00:00+00:00,90537.1953125,90546.71875,90374.875,90377.0703125,0
2026-01-10 08:00:00+00:00,90531.078125,90614.96875,90499.1171875,90546.8046875,0
2026-01-10 09:00:00+00:00,90616.21875,90621.734375,90514.4375,90539.90625,0
2026-01-10 10:00:00+00:00,90685.1875,90712.703125,90605.5390625,90629.5703125,0
2026-01-10 11:00:00+00:00,90610.2734375,90703.625,90597.0,90703.625,0
2026-01-10 12:00:00+00:00,90598.2890625,90659.484375,90542.9140625,90606.9765625,0
2026-01-10 13:00:00+00:00,90526.546875,90625.8828125,90526.546875,90607.6171875,0
2026-01-10 14:00:00+00:00,90456.796875,90546.828125,90426.2734375,90532.0546875,0
2026-01-10 15:00:00+00:00,90543.0546875,90547.828125,90458.40625,90463.6875,0
2026-01-10 16:00:00+00:00,90555.0390625,90597.1328125,90501.2265625,90541.8203125,0
2026-01-10 17:00:00+00:00,90428.203125,90623.078125,90428.203125,90554.9375,0
2026-01-10 18:00:00+00:00,90476.0625,90476.0625,90410.6171875,90431.8359375,0
2026-01-10 19:00:00+00:00,90507.0390625,90510.546875,90456.4375,90469.3203125,0
2026-01-10 20:00:00+00:00,90448.4609375,90531.5078125,90446.2890625,90507.8671875,0
2026-01-10 21:00:00+00:00,90386.5546875,90455.4765625,90384.46875,90450.328125,0
2026-01-10 22:00:00+00:00,90341.5703125,90467.5703125,90287.2734375,90386.4296875,0
2026-01-10 23:00:00+00:00,90385.9140625,90445.953125,90312.875,90322.4296875,0
2026-01-11 00:00:00+00:00,90509.6875,90510.921875,90333.6484375,90385.625,0
2026-01-11 01:00:00+00:00,90509.9609375,90539.046875,90431.78125,90513.6875,0
2026-01-11 02:00:00+00:00,90579.109375,90601.640625,90505.4609375,90513.203125,0
2026-01-11 03:00:00+00:00,90617.046875,90617.046875,90523.5625,90577.6171875,0
2026-01-11 04:00:00+00:00,90662.78125,90662.78125,90580.953125,90613.515625,0
2026-01-11 05:00:00+00:00,90644.2890625,90716.96875,90626.71875,90674.28125,0
2026-01-11 06:00:00+00:00,90632.9921875,90682.7109375,90506.7265625,90650.0,337265664
2026-01-11 07:00:00+00:00,90589.421875,90634.09375,90564.0546875,90634.09375,0
2026-01-11 08:00:00+00:00,90668.0546875,90683.984375,90526.84375,90597.4375,0
2026-01-11 09:00:00+00:00,90623.921875,90683.7734375,90568.484375,90667.6640625,200894464
2026-01-11 10:00:00+00:00,90614.265625,90630.6328125,90573.7578125,90624.6015625,0
2026-01-11 11:00:00+00:00,90593.4609375,90626.9609375,90574.984375,90610.6328125,132082688
2026-01-11 12:00:00+00:00,90825.1875,90871.7109375,90609.609375,90610.3203125,259120128
2026-01-11 13:00:00+00:00,90736.9296875,90846.1484375,90713.5078125,90826.3125,233666560
2026-01-11 14:00:00+00:00,91043.9453125,91043.9453125,90740.7421875,90740.7421875,248259584
2026-01-11 15:00:00+00:00,90747.7578125,91022.921875,90615.4609375,91022.921875,819688448
2026-01-11 16:00:00+00:00,90905.046875,91147.3671875,90751.171875,90751.171875,654397440
2026-01-11 17:00:00+00:00,90869.96875,91014.5078125,90810.578125,90912.34375,295511040
2026-01-11 18:00:00+00:00,90745.3515625,90866.5625,90667.1953125,90866.5625,0
2026-01-11 19:00:00+00:00,90593.4765625,90791.015625,90555.03125,90757.1640625,234848256
2026-01-11 20:00:00+00:00,90538.40625,90596.71875,90309.0390625,90596.71875,725939200
2026-01-11 21:00:00+00:00,90646.3125,90677.828125,90474.1640625,90573.2734375,401456128
2026-01-11 22:00:00+00:00,90430.3515625,90623.984375,90335.2421875,90623.984375,73481216
2026-01-11 23:00:00+00:00,90810.1484375,90888.4453125,90226.9609375,90400.2109375,1107441664
2026-01-12 00:00:00+00:00,91032.3671875,91082.1171875,90617.9765625,90851.8984375,879105024
2026-01-12 01:00:00+00:00,91262.015625,91555.0546875,91035.484375,91076.9609375,2222364672
2026-01-12 02:00:00+00:00,92115.5234375,92220.484375,91274.8984375,91274.8984375,2094305280
2026-01-12 03:00:00+00:00,91719.34375,92384.8515625,91719.34375,92098.6015625,1771446272
2026-01-12 04:00:00+00:00,92036.109375,92151.6484375,91647.984375,91694.4140625,978001920
2026-01-12 05:00:00+00:00,91991.640625,92127.9765625,91955.953125,92035.6484375,684238848
2026-01-12 06:00:00+00:00,91716.6796875,92065.4296875,91691.34375,91984.6796875,348442624
2026-01-12 07:00:00+00:00,91301.734375,91816.296875,91278.328125,91721.546875,982913024
2026-01-12 08:00:00+00:00,90669.2109375,91499.1796875,90315.640625,91290.7890625,1842366464
2026-01-12 09:00:00+00:00,90591.09375,90790.9765625,90552.2109375,90643.09375,794685440
2026-01-12 10:00:00+00:00,90278.859375,90661.75,90261.9609375,90555.515625,501448704
2026-01-12 11:00:00+00:00,90566.390625,90659.265625,90313.0390625,90313.0390625,826839040
2026-01-12 12:00:00+00:00,90672.5078125,90733.6484375,90520.546875,90536.359375,156246016
2026-01-12 13:00:00+00:00,90533.3359375,90691.46875,90426.8203125,90662.8515625,397813760
2026-01-12 14:00:00+00:00,90803.7421875,90961.6328125,90095.2578125,90525.1953125,2507259904
2026-01-12 15:00:00+00:00,91546.453125,91546.453125,90679.171875,90802.75,1540530176
2026-01-12 16:00:00+00:00,92042.640625,92210.1484375,91571.625,91571.625,1636651008
2026-01-12 17:00:00+00:00,91416.15625,92210.1328125,91015.9765625,92049.5234375,2972286976
2026-01-12 18:00:00+00:00,91622.5859375,91843.6796875,91360.7734375,91433.328125,759361536
2026-01-12 19:00:00+00:00,91770.25,91794.125,91381.09375,91617.8125,761724928
2026-01-12 20:00:00+00:00,91393.1953125,91962.3125,91353.0234375,91784.5625,0
2026-01-12 21:00:00+00:00,90913.7265625,91404.1640625,90894.484375,91404.1640625,244572160
2026-01-12 22:00:00+00:00,91157.546875,91350.2578125,90984.1953125,90984.1953125,346845184
2026-01-12 23:00:00+00:00,91157.1015625,91203.8671875,90987.8984375,91142.65625,0
2026-01-13 00:00:00+00:00,91386.7109375,91430.171875,91175.1328125,91195.6328125,2981888
2026-01-13 01:00:00+00:00,91058.9296875,91432.3203125,90941.9296875,91384.75,0
2026-01-13 02:00:00+00:00,91114.5859375,91267.5234375,91030.4453125,91081.4453125,0
2026-01-13 03:00:00+00:00,91291.3125,91327.140625,91019.5390625,91031.1953125,0
2026-01-13 04:00:00+00:00,91396.671875,91491.6796875,91238.9609375,91293.7890625,0
2026-01-13 05:00:00+00:00,91803.9453125,92109.390625,91396.7734375,91396.7734375,1761660928
2026-01-13 06:00:00+00:00,92120.84375,92145.1015625,91729.1875,91811.0234375,218918912
2026-01-13 07:00:00+00:00,91853.8203125,92089.4453125,91806.1171875,92089.4453125,730107904
2026-01-13 08:00:00+00:00,92087.9140625,92134.84375,91846.6640625,91868.9609375,0
2026-01-13 09:00:00+00:00,92149.171875,92510.2109375,91913.390625,92076.375,1037434880
2026-01-13 10:00:00+00:00,92029.3359375,92230.078125,91927.4921875,92201.4140625,259035136
2026-01-13 11:00:00+00:00,91893.6484375,92138.875,91886.8359375,92038.296875,33396477952
2026-01-13 12:00:00+00:00,91999.1171875,92053.7109375,91832.640625,91932.1484375,0
2026-01-13 13:00:00+00:00,91966.578125,92477.4140625,91904.25,92013.0546875,36816220160
2026-01-13 14:00:00+00:00,92453.84375,92756.578125,91760.140625,91926.328125,0
2026-01-13 15:00:00+00:00,93283.03125,93294.53125,92091.1328125,92421.359375,694923264
2026-01-13 16:00:00+00:00,93441.21875,93654.5078125,93097.4921875,93500.4609375,1261322240
2026-01-13 17:00:00+00:00,93241.6796875,93412.9765625,93135.7578125,93347.1015625,0
2026-01-13 18:00:00+00:00,93557.6484375,93790.5078125,93171.8984375,93171.8984375,22642688
2026-01-13 19:00:00+00:00,94194.6484375,94194.6484375,93431.703125,93584.296875,2483032064
2026-01-13 20:00:00+00:00,94438.890625,94468.875,94134.0390625,94222.4765625,2689589248
2026-01-13 21:00:00+00:00,94074.9609375,94476.421875,94058.6640625,94400.453125,1534304256
2026-01-13 22:00:00+00:00,95667.828125,95928.796875,94062.21875,94069.5078125,5290397696
2026-01-13 23:00:00+00:00,95354.046875,95935.6484375,95040.296875,95648.703125,2148032512
2026-01-14 00:00:00+00:00,95277.7734375,95549.8515625,95143.6796875,95363.3046875,777388032
2026-01-14 01:00:00+00:00,95266.8515625,95495.0,95111.1875,95185.6796875,671092736
2026-01-14 02:00:00+00:00,95279.2109375,95490.609375,95180.5078125,95205.578125,1220997120
2026-01-14 03:00:00+00:00,95630.9765625,95632.609375,95249.203125,95272.1953125,2407698432
2026-01-14 04:00:00+00:00,95202.515625,95694.421875,95182.9765625,95694.421875,786616320
2026-01-14 05:00:00+00:00,94988.1640625,95204.1328125,94934.296875,95191.1328125,0
2026-01-14 06:00:00+00:00,94976.859375,94976.859375,94583.046875,94970.9765625,591003648
2026-01-14 07:00:00+00:00,95176.1328125,95176.1328125,94840.03125,94985.765625,408600576
2026-01-14 08:00:00+00:00,94868.3046875,95231.53125,94860.3125,95162.828125,0
2026-01-14 09:00:00+00:00,95038.109375,95131.5234375,94849.390625,94852.8203125,0
2026-01-14 10:00:00+00:00,95059.109375,95229.0390625,94870.0546875,95051.1640625,346828800
2026-01-14 11:00:00+00:00,94706.0078125,95042.328125,94706.0078125,95042.328125,0
2026-01-14 12:00:00+00:00,95031.6484375,95102.671875,94701.1328125,94727.6953125,1391976448
2026-01-14 13:00:00+00:00,94937.046875,95183.5625,94861.1015625,95028.859375,0
2026-01-14 14:00:00+00:00,96460.421875,96734.7109375,94951.84375,94958.4921875,1887080448
2026-01-14 15:00:00+00:00,96710.59375,96984.578125,96232.4453125,96450.109375,2725945344
2026-01-14 16:00:00+00:00,97212.4921875,97583.1796875,96699.578125,96699.578125,888070144
2026-01-14 17:00:00+00:00,96941.90625,97747.125,96894.046875,97245.53125,3065225216
2026-01-14 18:00:00+00:00,96835.984375,97086.8515625,96295.0625,96953.8359375,649310208
2026-01-14 19:00:00+00:00,97265.78125,97519.5234375,96694.8359375,96801.8359375,0
2026-01-14 20:00:00+00:00,97585.109375,97860.6015625,97221.5078125,97244.59375,357670912
2026-01-14 21:00:00+00:00,97443.15625,97686.171875,97409.546875,97641.6953125,0
2026-01-14 22:00:00+00:00,96915.5625,97542.9453125,96832.3359375,97528.46875,0
2026-01-14 23:00:00+00:00,96932.2109375,97324.4453125,96894.984375,96894.984375,0
2026-01-15 00:00:00+00:00,96573.6328125,96973.4609375,96508.34375,96934.609375,0
2026-01-15 01:00:00+00:00,96418.140625,96928.6328125,96310.796875,96614.0703125,72564736
2026-01-15 02:00:00+00:00,96236.4921875,96578.609375,96154.34375,96435.2578125,0
2026-01-15 03:00:00+00:00,95963.015625,96341.265625,95763.4375,96292.828125,1138237440
2026-01-15 04:00:00+00:00,96151.6796875,96327.546875,95930.7421875,95941.859375,8413184
2026-01-15 05:00:00+00:00,96392.03125,96468.2890625,96237.453125,96243.6484375,0
2026-01-15 06:00:00+00:00,96281.8203125,96529.1015625,96161.8046875,96406.0390625,0
2026-01-15 07:00:00+00:00,96516.46875,96651.6484375,96193.765625,96275.9765625,0
2026-01-15 08:00:00+00:00,96614.46875,96618.5546875,96309.9296875,96560.265625,566321152
2026-01-15 09:00:00+00:00,97046.734375,97150.171875,96545.96875,96617.703125,869601280
2026-01-15 10:00:00+00:00,96792.0546875,97013.7109375,96720.890625,96994.9921875,0
2026-01-15 11:00:00+00:00,96587.4453125,96856.5625,96558.1796875,96788.5,100679680
2026-01-15 12:00:00+00:00,96940.3046875,96940.3046875,96517.484375,96551.375,0
2026-01-15 13:00:00+00:00,96817.375,96965.6953125,96611.4453125,96946.40625,191619072
2026-01-15 14:00:00+00:00,96019.609375,97097.1171875,95627.9453125,96811.3046875,0
2026-01-15 15:00:00+00:00,96434.890625,96434.890625,95416.09375,96027.8515625,0
2026-01-15 16:00:00+00:00,96797.609375,96797.609375,96263.6171875,96649.9453125,0
2026-01-15 17:00:00+00:00,96598.6328125,97015.3515625,96407.2578125,96696.2578125,0
2026-01-15 18:00:00+00:00,95793.5625,96570.9765625,95793.5625,96548.8515625,753541120
2026-01-15 19:00:00+00:00,95411.0859375,95882.234375,95284.75,95797.9609375,738045952
2026-01-15 20:00:00+00:00,95143.53125,95607.8984375,95112.25,95423.5546875,0
2026-01-15 21:00:00+00:00,95548.5234375,95575.203125,95166.8515625,95177.4765625,0
2026-01-15 22:00:00+00:00,95522.6484375,95784.0390625,95472.9921875,95553.2109375,0
2026-01-15 23:00:00+00:00,95546.2578125,95663.1953125,95377.84375,95571.3046875,0
2026-01-16 00:00:00+00:00,95574.8046875,95759.5625,95548.1015625,95562.78125,0
2026-01-16 01:00:00+00:00,95617.4609375,95736.3984375,95418.8203125,95574.0,0
2026-01-16 02:00:00+00:00,95477.90625,95636.4375,95368.6171875,95628.453125,0
2026-01-16 03:00:00+00:00,95325.96875,95540.3203125,95297.765625,95466.359375,0
2026-01-16 04:00:00+00:00,95125.375,95520.359375,95125.375,95306.4375,34451456
2026-01-16 05:00:00+00:00,95612.265625,95612.265625,95222.0703125,95222.0703125,478240768
2026-01-16 06:00:00+00:00,95710.625,95759.96875,95509.8984375,95613.5703125,0
2026-01-16 07:00:00+00:00,95633.5390625,95736.7734375,95452.953125,95713.9140625,0
2026-01-16 08:00:00+00:00,95643.59375,95801.890625,95541.15625,95630.6875,0
2026-01-16 09:00:00+00:00,95577.734375,95708.3203125,95557.09375,95634.2265625,0
2026-01-16 10:00:00+00:00,95272.90625,95587.84375,95268.9296875,95573.9296875,0
2026-01-16 11:00:00+00:00,95389.3203125,95431.671875,95226.6796875,95273.109375,297009152
2026-01-16 12:00:00+00:00,95409.296875,95538.640625,95327.4375,95397.6015625,0
2026-01-16 13:00:00+00:00,95418.40625,95523.640625,95274.6953125,95415.3125,0
2026-01-16 14:00:00+00:00,95223.375,95635.9140625,95221.1328125,95412.2578125,0
2026-01-16 15:00:00+00:00,94605.625,95581.2890625,94268.7734375,95151.796875,0
2026-01-16 16:00:00+00:00,94795.359375,94937.5,94517.3515625,94559.625,0
2026-01-16 17:00:00+00:00,94893.2578125,94893.2578125,94538.2265625,94831.453125,0
2026-01-16 18:00:00+00:00,94988.109375,95156.140625,94963.34375,95032.8671875,0
2026-01-16 19:00:00+00:00,94964.3359375,94992.625,94822.21875,94955.8515625,0
2026-01-16 20:00:00+00:00,95399.2578125,95399.2578125,94650.234375,94957.2890625,0
2026-01-16 21:00:00+00:00,95443.859375,95528.4609375,95337.671875,95476.1171875,180514816
2026-01-16 22:00:00+00:00,95441.125,95495.234375,95228.6796875,95478.6875,0
2026-01-16 23:00:00+00:00,95531.8515625,95531.8515625,95394.078125,95472.46875,0
2026-01-17 00:00:00+00:00,95459.390625,95523.9765625,95395.0234375,95514.765625,0
2026-01-17 01:00:00+00:00,95366.125,95472.5546875,95351.6171875,95429.03125,0
2026-01-17 02:00:00+00:00,95324.7109375,95370.984375,95194.140625,95356.984375,0
2026-01-17 03:00:00+00:00,95330.2109375,95331.15625,95221.65625,95316.15625,0
2026-01-17 04:00:00+00:00,95307.7109375,95324.578125,95221.28125,95324.578125,0
2026-01-17 05:00:00+00:00,95249.34375,95316.96875,95240.34375,95259.3203125,0
2026-01-17 06:00:00+00:00,95225.6171875,95280.1484375,95153.5625,95261.390625,0
2026-01-17 07:00:00+00:00,95061.109375,95196.7421875,95030.25,95196.7421875,0
2026-01-17 08:00:00+00:00,95203.4296875,95214.6640625,95020.9609375,95051.65625,0
2026-01-17 09:00:00+00:00,95212.46875,95234.890625,95138.0859375,95199.6953125,0
2026-01-17 10:00:00+00:00,95077.9453125,95219.2265625,95064.84375,95211.2890625,0
2026-01-17 11:00:00+00:00,95255.2421875,95268.0,95029.234375,95066.109375,0
2026-01-17 12:00:00+00:00,95205.4140625,95312.90625,95199.9921875,95267.8359375,0
2026-01-17 13:00:00+00:00,95374.9140625,95398.953125,95152.8828125,95210.578125,0
2026-01-17 14:00:00+00:00,95383.328125,95490.3125,95312.4765625,95383.0859375,0
2026-01-17 15:00:00+00:00,95525.6328125,95596.8828125,95396.1484375,95422.125,0
2026-01-17 16:00:00+00:00,95278.6171875,95509.640625,95201.4140625,95509.640625,0
2026-01-17 17:00:00+00:00,95323.453125,95398.703125,95259.0703125,95277.421875,0
2026-01-17 18:00:00+00:00,95382.875,95428.2421875,95330.4140625,95330.4140625,0
2026-01-17 19:00:00+00:00,95261.3515625,95396.4296875,95247.890625,95396.4296875,0
2026-01-17 20:00:00+00:00,95343.6796875,95345.1640625,95242.265625,95259.2578125,0
2026-01-17 21:00:00+00:00,95257.078125,95367.46875,95239.3046875,95339.0546875,0
2026-01-17 22:00:00+00:00,95156.2421875,95273.8125,95011.4375,95270.3203125,0
2026-01-17 23:00:00+00:00,95098.921875,95166.7734375,95088.328125,95128.3046875,0
2026-01-18 00:00:00+00:00,95061.84375,95189.4921875,95054.734375,95112.3984375,67320832
2026-01-18 01:00:00+00:00,94908.953125,95062.1328125,94848.9296875,95062.1328125,310758400
2026-01-18 02:00:00+00:00,94977.703125,95018.2578125,94851.5,94926.140625,0
2026-01-18 03:00:00+00:00,95147.21875,95152.140625,94980.296875,94980.296875,86411264
2026-01-18 04:00:00+00:00,95059.859375,95146.0,95038.8984375,95121.0546875,0
2026-01-18 05:00:00+00:00,95154.515625,95189.578125,95025.65625,95059.390625,149681152
2026-01-18 06:00:00+00:00,95136.4921875,95171.390625,95112.2109375,95134.3046875,37563392
2026-01-18 07:00:00+00:00,95023.484375,95141.3046875,94995.9296875,95137.25,61304832
2026-01-18 08:00:00+00:00,95146.9765625,95159.0234375,94977.6953125,94999.828125,0
2026-01-18 09:00:00+00:00,95236.4140625,95245.3203125,95122.953125,95146.78125,291320832
2026-01-18 10:00:00+00:00,95137.8203125,95237.7890625,95064.1484375,95230.1171875,439664640
2026-01-18 11:00:00+00:00,95124.703125,95142.8203125,95038.8828125,95134.15625,0
2026-01-18 12:00:00+00:00,95049.40625,95135.609375,95049.40625,95129.015625,0
2026-01-18 13:00:00+00:00,95115.234375,95146.4375,94884.125,95066.609375,311855104
2026-01-18 14:00:00+00:00,94904.9375,95275.953125,94904.9375,95118.6171875,444989440
2026-01-18 15:00:00+00:00,95088.28125,95088.28125,94891.65625,94931.953125,0
2026-01-18 16:00:00+00:00,95139.5,95157.6796875,95044.390625,95082.828125,0
2026-01-18 17:00:00+00:00,95171.609375,95233.15625,95121.7890625,95124.078125,6135808
2026-01-18 18:00:00+00:00,95439.3671875,95488.1796875,95155.28125,95229.9375,440893440
2026-01-18 19:00:00+00:00,95334.5625,95475.015625,95308.9921875,95408.9921875,524771328
2026-01-18 20:00:00+00:00,95266.8046875,95406.9765625,95260.4609375,95345.9609375,129189888
2026-01-18 21:00:00+00:00,95388.8515625,95396.859375,95245.46875,95266.96875,0
2026-01-18 22:00:00+00:00,95458.40625,95481.4296875,95363.46875,95389.390625,90507264
2026-01-18 23:00:00+00:00,93614.421875,95416.59375,93595.4140625,95416.59375,3325755392
2026-01-19 00:00:00+00:00,92697.59375,93646.9140625,92286.546875,93646.9140625,6988539904
2026-01-19 01:00:00+00:00,92509.7265625,92792.6171875,92234.4140625,92703.4140625,1805570048
2026-01-19 02:00:00+00:00,92518.2109375,92612.5703125,92366.15625,92529.109375,1139877888
2026-01-19 03:00:00+00:00,92642.5625,92740.625,92481.3828125,92536.8203125,874809344
2026-01-19 04:00:00+00:00,92674.09375,92682.65625,92481.0,92654.5546875,822702080
2026-01-19 05:00:00+00:00,92484.2890625,92710.4765625,92484.2734375,92630.9921875,438132736
2026-01-19 06:00:00+00:00,92511.3046875,92565.40625,92381.03125,92481.125,710830080
2026-01-19 07:00:00+00:00,92792.71875,92792.71875,92517.8203125,92534.484375,606826496
2026-01-19 08:00:00+00:00,93259.109375,93259.109375,92696.0390625,92793.3515625,2015547392
2026-01-19 09:00:00+00:00,92993.5625,93238.890625,92911.3828125,93238.890625,0
2026-01-19 10:00:00+00:00,92999.53125,93021.6953125,92843.3125,92993.8359375,120508416
2026-01-19 11:00:00+00:00,93140.140625,93225.7734375,92931.7421875,93002.109375,1161461760
2026-01-19 12:00:00+00:00,92996.1953125,93153.4375,92969.1953125,93136.5390625,975622144
2026-01-19 13:00:00+00:00,92964.34375,93071.46875,92829.953125,93013.1015625,194220032
2026-01-19 14:00:00+00:00,92768.84375,92976.765625,92677.9453125,92974.21875,0
2026-01-19 15:00:00+00:00,93022.8125,93022.8125,92776.3125,92776.3125,568815616
2026-01-19 16:00:00+00:00,93298.6640625,93320.265625,92965.234375,93003.4296875,601255936
2026-01-19 17:00:00+00:00,93182.34375,93345.34375,93100.703125,93273.6015625,543985664
2026-01-19 18:00:00+00:00,93003.1875,93207.0390625,92884.6015625,93184.4609375,0
2026-01-19 19:00:00+00:00,93079.109375,93095.921875,92960.28125,93002.796875,0
2026-01-19 20:00:00+00:00,93091.734375,93215.546875,93048.0078125,93067.625,107687936
2026-01-19 21:00:00+00:00,92975.2578125,93249.3515625,92955.578125,93077.25,351973376
2026-01-19 22:00:00+00:00,92570.8125,92976.5703125,92570.8125,92968.515625,332480512
2026-01-19 23:00:00+00:00,92548.5,92643.53125,92152.296875,92516.0859375,0
2026-01-20 00:00:00+00:00,92606.875,92796.171875,92300.734375,92583.640625,0
2026-01-20 01:00:00+00:00,92757.5,92797.2109375,92490.6171875,92637.40625,0
2026-01-20 02:00:00+00:00,92464.546875,92645.9296875,92335.1796875,92645.9296875,0
2026-01-20 03:00:00+00:00,92357.453125,92540.9296875,92217.1171875,92510.4921875,0
2026-01-20 04:00:00+00:00,91954.4921875,92385.4921875,91954.4921875,92367.1171875,0
2026-01-20 05:00:00+00:00,91604.171875,91988.40625,91332.03125,91988.40625,2795505664
2026-01-20 06:00:00+00:00,90770.21875,91556.8984375,90714.109375,91556.8984375,2230145024
2026-01-20 07:00:00+00:00,91076.8671875,91197.2421875,90816.7578125,90816.7578125,579307520
2026-01-20 08:00:00+00:00,90998.25,91141.125,90623.09375,91083.25,499728384
2026-01-20 09:00:00+00:00,90938.984375,90998.7265625,90840.2421875,90998.7265625,0
2026-01-20 10:00:00+00:00,91184.6796875,91188.875,90900.21875,90931.65625,0
2026-01-20 11:00:00+00:00,91146.7578125,91334.3828125,91146.7578125,91176.0,165572608
2026-01-20 12:00:00+00:00,91195.4375,91205.4296875,90981.8515625,91131.4609375,276025344
2026-01-20 13:00:00+00:00,90871.96875,91199.3203125,90772.796875,91192.8125,484593664
2026-01-20 14:00:00+00:00,90583.90625,91273.8984375,90302.3515625,90869.0625,2314514432
2026-01-20 15:00:00+00:00,90429.4609375,90670.4375,89835.34375,90461.1796875,3672580096
2026-01-20 16:00:00+00:00,90095.3359375,90856.9453125,89990.1484375,90583.625,1268162560
2026-01-20 17:00:00+00:00,89671.7265625,90372.078125,89424.9375,90072.9609375,2078396416
2026-01-20 18:00:00+00:00,89393.78125,89815.71875,89311.7578125,89675.8359375,1880948736
2026-01-20 19:00:00+00:00,89597.7265625,89651.1484375,89193.546875,89387.1328125,1656410112
2026-01-20 20:00:00+00:00,89504.59375,89697.8359375,89297.7109375,89600.03125,1510215680
2026-01-20 21:00:00+00:00,89416.03125,89699.453125,89311.140625,89588.1484375,583491584
2026-01-20 22:00:00+00:00,88411.828125,89511.6328125,87954.25,89405.296875,2148122624
2026-01-20 23:00:00+00:00,88339.6171875,88405.0390625,87828.9140625,88405.0390625,0
2026-01-21 00:00:00+00:00,88816.96875,88844.9375,88163.0546875,88321.28125,2648227840
2026-01-21 01:00:00+00:00,88909.5859375,89033.203125,88764.1640625,88814.421875,280936448
2026-01-21 02:00:00+00:00,88958.2265625,89198.4609375,88881.53125,88912.34375,866316288
2026-01-21 03:00:00+00:00,89315.8828125,89455.671875,88940.71875,88940.71875,185372672
2026-01-21 04:00:00+00:00,89352.0078125,89503.46875,89256.34375,89315.8828125,587218944
2026-01-21 05:00:00+00:00,89813.7734375,89972.5234375,89335.65625,89335.65625,0
2026-01-21 06:00:00+00:00,89527.296875,89842.734375,89409.96875,89842.734375,0
2026-01-21 07:00:00+00:00,89049.6171875,89638.125,88987.125,89542.9375,22372352
2026-01-21 08:00:00+00:00,89101.4921875,89262.65625,88894.2578125,89112.140625,0
2026-01-21 09:00:00+00:00,88984.3203125,89381.4921875,88984.3203125,89096.578125,0
2026-01-21 10:00:00+00:00,89175.625,89283.7578125,89008.3359375,89008.3984375,103473152
2026-01-21 11:00:00+00:00,88687.1328125,89274.3046875,88652.5859375,89158.875,0
2026-01-21 12:00:00+00:00,88647.78125,88726.515625,88190.734375,88694.875,2625662976
2026-01-21 13:00:00+00:00,88700.5,88919.2109375,88505.4296875,88655.0546875,0
2026-01-21 14:00:00+00:00,89829.578125,89869.4609375,88549.03125,88599.59375,2650615808
2026-01-21 15:00:00+00:00,90238.5859375,90412.0625,89721.328125,89722.8828125,0
2026-01-21 16:00:00+00:00,87585.9921875,90231.1484375,87585.9921875,90192.3828125,340979712
2026-01-21 17:00:00+00:00,87895.9296875,87927.9921875,87240.59375,87527.5546875,3013287936
2026-01-21 18:00:00+00:00,88377.2890625,88505.5859375,87563.40625,87872.296875,635789312
2026-01-21 19:00:00+00:00,90246.1328125,90284.2578125,88205.5546875,88390.3046875,2162290688
2026-01-21 20:00:00+00:00,90094.9453125,90271.765625,89400.9765625,90271.765625,708415488
2026-01-21 21:00:00+00:00,90194.1328125,90232.65625,89955.09375,90095.609375,331280384
2026-01-21 22:00:00+00:00,89782.7421875,90309.03125,89779.609375,90171.5859375,0
2026-01-21 23:00:00+00:00,89368.671875,90118.4921875,89306.90625,89735.8671875,0
2026-01-22 00:00:00+00:00,89814.7421875,89931.953125,89372.4296875,89372.4296875,0
2026-01-22 01:00:00+00:00,90045.375,90078.8984375,89772.5625,89823.671875,0
2026-01-22 02:00:00+00:00,89860.421875,90254.0546875,89786.90625,90030.71875,0
2026-01-22 03:00:00+00:00,89806.5078125,90058.765625,89649.703125,89857.9296875,0
2026-01-22 04:00:00+00:00,89961.8203125,89975.3671875,89745.5078125,89799.9140625,0
2026-01-22 05:00:00+00:00,89859.625,89974.5625,89843.46875,89928.8828125,0
2026-01-22 06:00:00+00:00,90108.515625,90115.2890625,89823.6484375,89937.40625,0
2026-01-22 07:00:00+00:00,89713.28125,90104.0390625,89713.28125,90085.953125,0
2026-01-22 08:00:00+00:00,89823.0078125,89868.625,89688.9609375,89737.8359375,0
2026-01-22 09:00:00+00:00,89947.0625,90042.640625,89820.1171875,89823.6015625,0
2026-01-22 10:00:00+00:00,90011.8125,90013.328125,89884.875,89947.3203125,991895552
2026-01-22 11:00:00+00:00,89853.8828125,90053.109375,89825.8671875,90005.0859375,0
2026-01-22 12:00:00+00:00,89935.0,89985.984375,89803.6484375,89853.265625,0
2026-01-22 13:00:00+00:00,89521.828125,90220.1015625,89424.3359375,89937.5703125,94830592
2026-01-22 14:00:00+00:00,89121.171875,89596.09375,89056.0546875,89534.890625,0
2026-01-22 15:00:00+00:00,88943.0234375,89265.7109375,88438.4453125,89030.96875,16252928
2026-01-22 16:00:00+00:00,88906.21875,89120.75,88648.4296875,88937.2578125,0
2026-01-22 17:00:00+00:00,89447.0625,89447.0625,88946.9453125,88946.9453125,0
2026-01-22 18:00:00+00:00,89221.640625,89672.359375,89221.640625,89484.3203125,0
2026-01-22 19:00:00+00:00,89729.1796875,89809.1328125,89074.765625,89236.59375,0
2026-01-22 20:00:00+00:00,89373.109375,89835.3984375,89358.2734375,89704.7109375,0
2026-01-22 21:00:00+00:00,89166.453125,89555.8828125,89166.453125,89481.0390625,0
2026-01-22 22:00:00+00:00,89252.34375,89432.0625,89098.59375,89170.6953125,0
2026-01-22 23:00:00+00:00,89164.4609375,89197.2890625,89086.1484375,89197.2890625,0
2026-01-23 00:00:00+00:00,89503.7421875,89536.5859375,89362.640625,89460.1953125,1588764672
2026-01-23 01:00:00+00:00,89725.34375,89750.7734375,89464.34375,89464.34375,973787136
